{
  "interactionModel": {
    "languageModel": {
      "invocationName": "event geek",
      "intents": [
        {
          "name": "AMAZON.CancelIntent",
          "samples": []
        },
        {
          "name": "AMAZON.HelpIntent",
          "samples": []
        },
        {
          "name": "AMAZON.StopIntent",
          "samples": []
        },
        {
          "name": "HelloWorldIntent",
          "slots": [],
          "samples": [
            "hello",
            "how are you",
            "say hi world",
            "say hi",
            "hi",
            "say hello world",
            "say hello"
          ]
        },
        {
          "name": "AMAZON.NavigateHomeIntent",
          "samples": []
        },
        {
          "name": "AMAZON.FallbackIntent",
          "samples": []
        },
        {
          "name": "ScheduleEventIntent",
          "slots": [
            {
              "name": "EventName",
              "type": "EventName"
            },
            {
              "name": "EventDate",
              "type": "AMAZON.DATE"
            },
            {
              "name": "EventTime",
              "type": "AMAZON.TIME"
            }
          ],
          "samples": [
            "Schedule my calendar for {EventName} on {EventDate} at {EventTime}",
            "Please schedule my calendar for {EventTime} {EventDate}",
            "I would like to schedule my calendar for {EventName} on {EventDate} at {EventTime}",
            "Please make an appointment on my calendar for {EventName} on {EventDate} at {EventTime}",
            "I would like to make an appointment on my calendar for {EventName} on {EventDate} at {EventTime}",
            "Schedule an appointment on my calendar for {EventName} on {EventTime} at {EventDate}",
            "I want to go for a {EventName} on {EventDate} at {EventDate}",
            "Please reserve my calendar for {EventName} on {EventDate} at {EventTime}",
            "Can you please reserve my calendar for {EventName} on {EventDate} at {EventTime}",
            "I would like tr reserve my calendar for {EventName} on {EventDate} at {EventTime}",
            "Can you book an appointment on my calendar for {EventName} on {EventDate} at {EventTime}",
            "Please book an appointment on my calendar for {EventName} on {EventDate} at {EventTime}"
          ]
        },
        {
          "name": "DeleteEventIntent",
          "slots": [
            {
              "name": "EventName",
              "type": "EventName"
            },
            {
              "name": "EventDate",
              "type": "AMAZON.DATE"
            },
            {
              "name": "EventTime",
              "type": "AMAZON.TIME"
            }
          ],
          "samples": [
            "Can you delete the {EventName} I have on {EventDate} at {EventTime}",
            "Can you cancel the {EventName} I have on {EventDate} at {EventTime}",
            "Cancel the appointment for {EventName} on {EventDate} at {EventTime}",
            "I would like to cancel the {EventName} on {EventDate} at {EventTime}",
            "I need to delete the {EventName} on {EventDate} at {EventTime}",
            "Please delete the {EventName} on {EventDate} at {EventTime}",
            "Please remove the event {EventName} on {EventDate} at {EventTime}",
            "Could you please delete the {EventName} on {EventDate} at {EventTime} from my calendar",
            "Can you remove {EventName} on {EventDate} at {EventTime}",
            "Can you please discard the {EventName} I have on {EventDate} at {EventTime}",
            "Discard from my calendar the {EventName} I have on {EventDate} at {EventTime}"
          ]
        }
      ],
      "types": [
        {
          "values": [
            {
              "name": {
                "value": "Sister\u0027s bday party"
              }
            },
            {
              "name": {
                "value": "Baby shower"
              }
            },
            {
              "name": {
                "value": "Friend’s wedding"
              }
            },
            {
              "name": {
                "value": "Birthday party"
              }
            },
            {
              "name": {
                "value": "Doctor’s appointmentment"
              }
            },
            {
              "name": {
                "value": "Haircut"
              }
            }
          ],
          "name": "EventName"
        }
      ]
    }
  },
  "version": "15"
}